{
  "config": {
    "input_dim": 19,
    "hidden_dims": [
      32,
      16
    ],
    "latent_dim": 6,
    "dropout": 0.1,
    "negative_slope": 0.01
  },
  "threshold": 0.12912763506174085,
  "threshold_percentile": 95.0,
  "feature_means": [
    881.3980102539062,
    882.6231079101562,
    0.2502291202545166,
    0.25620365142822266,
    0.0001569862215546891,
    37.87940216064453,
    0.6159999966621399,
    16764.83203125,
    0.014118095859885216,
    0.37764251232147217,
    5.436298370361328,
    0.0,
    0.9926720261573792,
    0.009690677747130394,
    0.17483384907245636,
    0.5199999809265137,
    0.09600000083446503,
    0.3720000088214874,
    0.012000000104308128
  ],
  "feature_stds": [
    697.0327758789062,
    698.0010986328125,
    0.23067477345466614,
    0.2327214926481247,
    0.0012605215888470411,
    30.175006866455078,
    0.4863590598106384,
    19524.576171875,
    0.08867036551237106,
    0.3639429211616516,
    2.1573567390441895,
    9.99999993922529e-09,
    0.058901701122522354,
    0.07726389914751053,
    0.06761837750673294,
    0.49959808588027954,
    0.29459160566329956,
    0.4833368957042694,
    0.1088852807879448
  ]
}