{
  "train_loss": [
    1.38359223774347,
    0.0897205973646923,
    0.06294478621519801,
    0.050918713087751206,
    0.043917574476701776
  ],
  "val_loss": [
    0.06999018625463355,
    0.023830564068985902,
    0.02583593960505291,
    0.013926717486119424,
    0.01076049204738408
  ],
  "learning_rates": [
    9.995214368578825e-05,
    9.999445124600832e-05,
    9.999347810317203e-05,
    9.999810491060967e-05,
    9.999886864852511e-05
  ]
}