{
  "metadata": {
    "timestamp": "2026-02-07T22:38:41.127318",
    "device": "cuda",
    "n_val_sequences": 5000,
    "history_len": 20,
    "pred_horizon": 30,
    "baseline_checkpoint": "checkpoints/phase3_day3/best_model.pt",
    "scaled_checkpoint": "checkpoints/phase3_scaled/best_model.pt"
  },
  "teacher_forcing": {
    "baseline": {
      "position_rmse": 7.733675479888916,
      "position_mae": 4.886936664581299,
      "velocity_rmse": 1.2857154607772827,
      "velocity_mae": 1.069280743598938,
      "position_rmse_initial": 7.716305732727051,
      "position_rmse_mid": 7.734156608581543,
      "position_rmse_final": 7.741427421569824,
      "velocity_rmse_initial": 1.305088996887207,
      "velocity_rmse_mid": 1.2859275341033936,
      "velocity_rmse_final": 1.2644950151443481,
      "mean_3d_pos_error": 11.29197883605957,
      "median_3d_pos_error": 10.745417594909668,
      "p95_3d_pos_error": 22.415884017944336,
      "mean_3d_vel_error": 2.096045732498169
    },
    "scaled": {
      "position_rmse": 5.389252662658691,
      "position_mae": 4.124643802642822,
      "velocity_rmse": 1.0860756635665894,
      "velocity_mae": 0.8563070893287659,
      "position_rmse_initial": 5.019267559051514,
      "position_rmse_mid": 5.461010932922363,
      "position_rmse_final": 5.590603828430176,
      "velocity_rmse_initial": 1.1233078241348267,
      "velocity_rmse_mid": 1.0944488048553467,
      "velocity_rmse_final": 1.0256717205047607,
      "mean_3d_pos_error": 8.08835220336914,
      "median_3d_pos_error": 6.69989013671875,
      "p95_3d_pos_error": 20.286495208740234,
      "mean_3d_vel_error": 1.7658166885375977
    },
    "improvement_pct": {
      "position_rmse": 30.31447108592536,
      "velocity_rmse": 15.527525591860005,
      "position_mae": 15.598582798571792,
      "velocity_mae": 19.917468405290343,
      "mean_3d_pos_error": 28.370816835575667,
      "mean_3d_vel_error": 15.7548587247182
    }
  },
  "autoregressive": {
    "baseline": {
      "position_rmse": 7.613274574279785,
      "position_mae": 4.956045150756836,
      "velocity_rmse": 1.13399076461792,
      "velocity_mae": 0.8972259759902954,
      "position_rmse_initial": 7.605493068695068,
      "position_rmse_mid": 7.611759185791016,
      "position_rmse_final": 7.6167144775390625,
      "velocity_rmse_initial": 1.0801783800125122,
      "velocity_rmse_mid": 1.1250569820404053,
      "velocity_rmse_final": 1.2290807962417603,
      "mean_3d_pos_error": 11.23777961730957,
      "median_3d_pos_error": 10.808351516723633,
      "p95_3d_pos_error": 21.884288787841797,
      "mean_3d_vel_error": 1.8043779134750366
    },
    "scaled": {
      "position_rmse": 14.944475173950195,
      "position_mae": 13.583971977233887,
      "velocity_rmse": 2.2416234016418457,
      "velocity_mae": 1.7147512435913086,
      "position_rmse_initial": 11.211504936218262,
      "position_rmse_mid": 15.479777336120605,
      "position_rmse_final": 16.259349822998047,
      "velocity_rmse_initial": 2.6021385192871094,
      "velocity_rmse_mid": 2.1513314247131348,
      "velocity_rmse_final": 2.0556812286376953,
      "mean_3d_pos_error": 25.100034713745117,
      "median_3d_pos_error": 24.7842960357666,
      "p95_3d_pos_error": 36.411582946777344,
      "mean_3d_vel_error": 3.6091532707214355
    },
    "improvement_pct": {
      "position_rmse": -96.29497173841179,
      "velocity_rmse": -97.67563119415041,
      "position_mae": -174.08894721549265,
      "velocity_mae": -91.11698607462695,
      "mean_3d_pos_error": -123.35403939656811,
      "mean_3d_vel_error": -100.02202663690318
    }
  },
  "parallel": {
    "position_rmse": 7.565914630889893,
    "position_mae": 4.639337539672852,
    "velocity_rmse": 1.00361168384552,
    "velocity_mae": 0.707480251789093,
    "position_rmse_initial": 7.570771217346191,
    "position_rmse_mid": 7.565722465515137,
    "position_rmse_final": 7.5615410804748535,
    "velocity_rmse_initial": 1.0017701387405396,
    "velocity_rmse_mid": 1.0039995908737183,
    "velocity_rmse_final": 1.0045444965362549,
    "mean_3d_pos_error": 11.070356369018555,
    "median_3d_pos_error": 10.634797096252441,
    "p95_3d_pos_error": 21.838462829589844,
    "mean_3d_vel_error": 1.5771851539611816
  },
  "uncertainty": {},
  "per_timestep": {
    "teacher_forcing": {
      "baseline_pos": [
        7.720164775848389,
        7.714794158935547,
        7.712838649749756,
        7.71466064453125,
        7.719067573547363,
        7.723564624786377,
        7.727440357208252,
        7.732320785522461,
        7.737968921661377,
        7.742164611816406,
        7.7431864738464355,
        7.739937782287598,
        7.733108997344971,
        7.727081298828125,
        7.725655555725098,
        7.7287750244140625,
        7.733659744262695,
        7.736852169036865,
        7.737210750579834,
        7.736095428466797,
        7.736447811126709,
        7.739726543426514,
        7.744426727294922,
        7.747750282287598,
        7.7480597496032715,
        7.745368480682373,
        7.741656303405762,
        7.739474773406982,
        7.739715576171875,
        7.74092435836792
      ],
      "scaled_pos": [
        4.997187614440918,
        5.022202968597412,
        5.029606342315674,
        5.021066665649414,
        5.026275157928467,
        5.066232204437256,
        5.136298179626465,
        5.213774681091309,
        5.26156759262085,
        5.2697978019714355,
        5.286226749420166,
        5.342487812042236,
        5.407339572906494,
        5.456692218780518,
        5.4773664474487305,
        5.47904634475708,
        5.4834771156311035,
        5.511607646942139,
        5.559847831726074,
        5.606018543243408,
        5.625041961669922,
        5.612478256225586,
        5.581876277923584,
        5.559996128082275,
        5.556396961212158,
        5.57159423828125,
        5.587985038757324,
        5.592468738555908,
        5.593477725982666,
        5.607496738433838
      ],
      "baseline_vel": [
        1.3330575227737427,
        1.3109575510025024,
        1.2944717407226562,
        1.2902666330337524,
        1.2966917753219604,
        1.3053244352340698,
        1.307674765586853,
        1.305781602859497,
        1.304935336112976,
        1.3064241409301758,
        1.3067766427993774,
        1.3047997951507568,
        1.2996704578399658,
        1.2912157773971558,
        1.2824140787124634,
        1.278861165046692,
        1.282069206237793,
        1.2839460372924805,
        1.274605631828308,
        1.2549164295196533,
        1.2416173219680786,
        1.2448076009750366,
        1.2625750303268433,
        1.283980131149292,
        1.295408010482788,
        1.2880878448486328,
        1.2683913707733154,
        1.2522075176239014,
        1.2504806518554688,
        1.2633074522018433
      ],
      "scaled_vel": [
        1.1322529315948486,
        1.1282869577407837,
        1.1187729835510254,
        1.1141915321350098,
        1.1230345964431763,
        1.1387273073196411,
        1.1498973369598389,
        1.1478331089019775,
        1.1389063596725464,
        1.1388938426971436,
        1.1490592956542969,
        1.1551851034164429,
        1.1418237686157227,
        1.1135175228118896,
        1.079750657081604,
        1.0576202869415283,
        1.054760456085205,
        1.0623189210891724,
        1.0674800872802734,
        1.0629723072052002,
        1.0487722158432007,
        1.0324691534042358,
        1.0223827362060547,
        1.0199939012527466,
        1.0202202796936035,
        1.0187901258468628,
        1.0164865255355835,
        1.014841079711914,
        1.0247092247009277,
        1.0535316467285156
      ]
    },